,Close,volume,pred
2018-11-15,45.9898567199707,185915200,48.247887
2018-11-16,46.49922180175781,147713200,47.6601
2018-11-19,44.65636444091797,167701200,47.195683
2018-11-20,42.52277374267578,271300800,46.701656
2018-11-21,42.474727630615234,124496800,46.05945
2018-11-23,41.39591598510742,94496000,45.38877
2018-11-26,41.95574951171875,179994000,44.67045
2018-11-27,41.86444091796875,165549600,44.009007
2018-11-28,43.47423553466797,184250000,43.429367
2018-11-29,43.14026641845703,167080000,43.062244
2018-11-30,42.90721130371094,158126000,42.830433
2018-12-03,44.40648651123047,163210000,42.681667
2018-12-04,42.45309829711914,165377200,42.70478
2018-12-06,41.979774475097656,172393600,42.685402
2018-12-07,40.48290252685547,169126400,42.60532
2018-12-10,40.74959945678711,248104000,42.383457
2018-12-11,40.516536712646484,189126800,42.105057
2018-12-12,40.62946319580078,142510800,41.804756
2018-12-13,41.07395553588867,127594400,41.526
2018-12-14,39.759681701660156,162814800,41.313972
2018-12-17,39.389678955078125,177151600,41.056698
2018-12-18,39.90144729614258,135366000,40.763153
2018-12-19,38.656856536865234,196189200,40.51222
2018-12-20,37.681358337402344,259092000,40.207638
2018-12-21,36.215721130371094,382978400,39.81745
2018-12-24,35.278682708740234,148676800,39.288788
2018-12-26,37.76304244995117,234330000,38.672737
2018-12-27,37.517982482910156,212468400,38.221645
2018-12-28,37.53719711303711,169165600,37.890324
2018-12-31,37.90000915527344,140014000,37.661785
2019-01-02,37.94325256347656,148158800,37.540417
2019-01-03,34.16383361816406,365248800,37.493694
2019-01-04,35.62226104736328,234428400,37.195824
2019-01-07,35.54296875,219111200,36.894375
2019-01-08,36.220516204833984,164101200,36.60818
2019-01-09,36.835609436035156,180396400,36.407215
2019-01-10,36.95336151123047,143122800,36.315384
2019-01-11,36.59053421020508,108092800,36.308384
2019-01-14,36.040321350097656,129756800,36.327618
2019-01-15,36.777957916259766,114843600,36.315994
2019-01-16,37.227256774902344,122278800,36.341927
2019-01-17,37.448307037353516,119284800,36.420883
2019-01-18,37.6789665222168,135004000,36.54288
2019-01-22,36.83320617675781,121576000,36.69747
2019-01-23,36.9821891784668,92522400,36.79885
2019-01-24,36.689048767089844,101766000,36.87297
2019-01-25,37.90481185913086,134142000,36.90092
2019-01-28,37.554019927978516,104768400,36.986008
2019-01-29,37.16478729248047,166348800,37.077328
2019-01-30,39.70442199707031,244439200,37.130795
2019-01-31,39.9903564453125,162958400,37.34142
2019-02-01,40.00957107543945,130672400,37.66452
2019-02-04,41.14604568481445,125982000,38.034462
2019-02-05,41.850032806396484,144406400,38.487343
2019-02-06,41.86444091796875,112958400,39.00573
2019-02-07,41.07155990600586,126966800,39.52829
2019-02-08,41.119815826416016,95280000,39.952038
2019-02-11,40.883338928222656,83973600,40.289177
2019-02-12,41.235633850097656,89134000,40.529934
2019-02-13,41.0643196105957,89960800,40.718407
2019-02-14,41.21392059326172,87342800,40.847855
2019-02-15,41.12222671508789,98507200,40.942905
2019-02-19,41.24528503417969,75891200,41.002014
2019-02-20,41.510711669921875,104457600,41.046246
2019-02-21,41.27665328979492,68998800,41.094658
2019-02-22,41.73754119873047,75652800,41.12837
2019-02-25,42.04158401489258,87493600,41.183075
2019-02-26,42.065704345703125,68280800,41.267704
2019-02-27,42.19601821899414,111341600,41.36785
2019-02-28,41.78097915649414,112861600,41.475105
2019-03-01,42.22014617919922,103544800,41.54886
2019-03-04,42.4324836730957,109744800,41.630577
2019-03-05,42.35526657104492,78949600,41.72617
2019-03-06,42.111568450927734,83241600,41.82012
2019-03-07,41.62413024902344,99185600,41.886284
2019-03-08,41.72306823730469,95997600,41.892464
2019-03-11,43.1684455871582,128044000,41.869625
2019-03-12,43.65345764160156,129870400,41.935684
2019-03-13,43.84649658203125,124130000,42.088486
2019-03-14,44.333919525146484,94318000,42.298183
2019-03-15,44.910621643066406,156171600,42.56528
2019-03-18,45.36910629272461,104879200,42.883194
2019-03-19,45.00956726074219,126585600,43.248093
2019-03-20,45.40287399291992,124140800,43.58395
2019-03-21,47.075077056884766,204136800,43.906002
2019-03-22,46.1002311706543,169630800,44.312347
2019-03-25,45.54283905029297,175381200,44.673214
2019-03-26,45.072303771972656,199202000,44.93705
2019-03-27,45.477684020996094,119393600,45.084846
2019-03-28,45.53800582885742,83121600,45.188824
2019-03-29,45.83480453491211,94256000,45.26343
2019-04-01,46.14608383178711,111448000,45.333042
2019-04-02,46.81689453125,91062800,45.415234
2019-04-03,47.13782501220703,93087200,45.55076
2019-04-04,47.2198600769043,76457200,45.73146
2019-04-05,47.53596878051758,74106400,45.933064
2019-04-08,48.284000396728516,103526800,46.15464
2019-04-09,48.13921356201172,143072800,46.423737
2019-04-10,48.40946578979492,86781200,46.687916
2019-04-11,48.00650405883789,83603200,46.955738
2019-04-12,47.9871940612793,111042800,47.174294
2019-04-15,48.07405471801758,70146400,47.341442
2019-04-16,48.078895568847656,102785600,47.475227
2019-04-17,49.01512908935547,115627200,47.574802
2019-04-18,49.19127655029297,96783200,47.715084
2019-04-22,49.35294723510742,77758000,47.885258
2019-04-23,50.064781188964844,93292000,48.074017
2019-04-24,49.987571716308594,70162400,48.3101
2019-04-25,49.5339241027832,74172800,48.5534
2019-04-26,49.29745101928711,74596400,48.747494
2019-04-29,49.37225341796875,88818800,48.878754
2019-04-30,48.42152786254883,186139600,48.965813
2019-05-01,50.79833221435547,259309200,48.940872
2019-05-02,50.46775817871094,127985200,49.023712
2019-05-03,51.09512710571289,83569600,49.15844
2019-05-06,50.30607223510742,129772400,49.362137
2019-05-07,48.949981689453125,155054800,49.526394
2019-05-08,48.95962905883789,105358000,49.551292
2019-05-09,48.43360137939453,139634400,49.49538
2019-05-10,47.76261901855469,164834800,49.351173
2019-05-13,44.986690521240234,229722400,49.113144
2019-05-14,45.69883728027344,146118800,48.626175
2019-05-15,46.246273040771484,106178800,48.088184
2019-05-16,46.04279327392578,132125600,47.60298
2019-05-17,45.781192779541016,131516400,47.1677
2019-05-20,44.34962463378906,154449200,46.776726
2019-05-21,45.19985580444336,113459200,46.33415
2019-05-22,44.274539947509766,118994400,45.961094
2019-05-23,43.51877975463867,146118800,45.588448
2019-05-24,43.35163879394531,94858800,45.18548
2019-05-28,43.172393798828125,111792800,44.787495
2019-05-29,42.966495513916016,113924800,44.406456
2019-05-30,43.189353942871094,84873600,44.04925
2019-05-31,42.40694808959961,108174400,43.75292
2019-06-03,41.97819900512695,161584400,43.45506
2019-06-04,43.5139274597168,123872000,43.14278
2019-06-05,44.216400146484375,119093600,42.96509
2019-06-06,44.86557388305664,90105200,42.935432
2019-06-07,46.059749603271484,122737600,43.04864
2019-06-10,46.648380279541016,104883600,43.324623
2019-06-11,47.18854904174805,107731600,43.72442
2019-06-12,47.038360595703125,73012800,44.20828
2019-06-13,47.02867126464844,86698400,44.69782
2019-06-14,46.687129974365234,75046000,45.149734
2019-06-17,46.96569061279297,58676400,45.51953
2019-06-18,48.070247650146484,106204000,45.83257
2019-06-19,47.92975997924805,84496800,46.164284
2019-06-20,48.314903259277344,86056000,46.47538
2019-06-21,48.15018844604492,191202400,46.77863
2019-06-24,48.10174560546875,72881600,47.03267
2019-06-25,47.37263870239258,84281200,47.248272
2019-06-26,48.39726638793945,104270000,47.366226
2019-06-27,48.38274002075195,83598800,47.489017
2019-06-28,47.941871643066406,124442400,47.606693
2019-07-01,48.8211669921875,109012000,47.675476
2019-07-02,49.10699462890625,67740800,47.777073
2019-07-03,49.5139274597168,45448000,47.915817
2019-07-05,49.4703369140625,69062000,48.09705
2019-07-08,48.450557708740234,101354400,48.28322
2019-07-09,48.74607467651367,82312000,48.3796
2019-07-10,49.22810745239258,71588400,48.438583
2019-07-11,48.86960220336914,80767200,48.50683
2019-07-12,49.24506378173828,70380800,48.547806
2019-07-15,49.707725524902344,67789600,48.59792
2019-07-16,49.535743713378906,67467200,48.684017
2019-07-17,49.257179260253906,56430000,48.772514
2019-07-18,49.81672668457031,74162400,48.8358
2019-07-19,49.07307815551758,83717200,48.918182
2019-07-22,50.19459533691406,89111600,48.950386
2019-07-23,50.58701705932617,73420800,49.03279
2019-07-24,50.545833587646484,59966400,49.170616
2019-07-25,50.14615249633789,55638400,49.329487
2019-07-26,50.320560455322266,70475600,49.458916
2019-07-29,50.79048156738281,86693600,49.571415
2019-07-30,50.57248306274414,135742800,49.698723
2019-07-31,51.604366302490234,277125600,49.80576
2019-08-01,50.48769760131836,216071600,49.958744
2019-08-02,49.419471740722656,163448400,50.057693
2019-08-05,46.83246994018555,209572000,50.042454
2019-08-06,47.71902847290039,143299200,49.76112
2019-08-07,48.21316909790039,133457600,49.411674
2019-08-08,49.276546478271484,108038000,49.083313
2019-08-09,48.87050247192383,98478800,48.87321
2019-08-12,48.746490478515625,89927600,48.720634
2019-08-13,50.810821533203125,188874000,48.605038
2019-08-14,49.298439025878906,146189600,48.664036
2019-08-15,49.05284881591797,108909600,48.719997
2019-08-16,50.210243225097656,110481600,48.75444
2019-08-19,51.14636993408203,97654400,48.856884
2019-08-20,51.1488037109375,107537200,49.062782
2019-08-21,51.703182220458984,86141600,49.314476
2019-08-22,51.6594123840332,89014800,49.617638
2019-08-23,49.27169418334961,187272000,49.92447
2019-08-26,50.20781326293945,104174400,50.02392
2019-08-27,49.64127731323242,103493200,50.069637
2019-08-28,49.974388122558594,63755200,50.03595
2019-08-29,50.82054901123047,83962000,49.98421
2019-08-30,50.754905700683594,84573600,49.984764
2019-09-03,50.01572799682617,80092000,50.012386
2019-09-04,50.86431121826172,76752400,49.99998
2019-09-05,51.85879135131836,95654800,50.026947
2019-09-06,51.85393142700195,77449200,50.14766
2019-09-09,52.0751953125,109237600,50.318172
2019-09-10,52.690364837646484,127111600,50.51897
2019-09-11,54.365657806396484,177158400,50.76772
2019-09-12,54.24408721923828,128906800,51.147472
2019-09-13,53.188819885253906,159053200,51.575874
2019-09-16,53.468441009521484,84632400,51.91937
2019-09-17,53.6629524230957,73274800,52.212696
2019-09-18,54.16627883911133,101360000,52.465805
2019-09-19,53.72617721557617,88242400,52.708317
2019-09-20,52.94080352783203,221652400,52.894897
2019-09-23,53.181522369384766,76662000,52.96284
2019-09-24,52.92864990234375,124763200,52.989372
2019-09-25,53.743186950683594,87613600,52.962563
2019-09-26,53.46600341796875,75334000,52.96948
2019-09-27,53.205848693847656,101408000,52.97585
2019-09-30,54.45805358886719,103909600,52.958645
2019-10-01,54.60881042480469,139223200,53.021366
2019-10-02,53.2398796081543,138449200,53.136368
2019-10-03,53.692142486572266,114426000,53.174583
2019-10-04,55.19723129272461,138478800,53.19915
2019-10-07,55.209388732910156,122306000,53.32218
2019-10-08,54.56260299682617,111820000,53.49895
2019-10-09,55.20209884643555,74770400,53.647575
2019-10-10,55.94612503051758,113013600,53.817547
2019-10-11,57.4342041015625,166795600,54.037323
2019-10-14,57.351524353027344,96427600,54.376705
2019-10-15,57.21780014038086,87360000,54.765747
2019-10-16,56.98679733276367,73903200,55.14434
2019-10-17,57.20806884765625,67585200,55.470222
2019-10-18,57.48283004760742,97433600,55.754696
2019-10-21,58.47974395751953,87247200,56.009052
2019-10-22,58.346004486083984,82293600,56.301277
2019-10-23,59.128944396972656,75828800,56.584927
2019-10-24,59.22620391845703,69275200,56.899967
2019-10-25,59.95565414428711,73477200,57.21745
2019-10-28,60.55623245239258,96572800,57.565144
2019-10-29,59.15569305419922,142839600,57.946835
2019-10-30,59.14840316772461,124522000,58.212986
2019-10-31,60.4857177734375,139162000,58.39163
2019-11-01,62.20235061645508,151125200,58.60126
2019-11-04,62.61083221435547,103272000,58.940624
2019-11-05,62.520870208740234,79897600,59.368683
2019-11-06,62.5476188659668,75864400,59.81173
2019-11-07,63.26948928833008,94940400,60.23026
2019-11-08,63.442657470703125,69986400,60.652103
2019-11-11,63.94505310058594,81821200,61.058876
2019-11-12,63.88650894165039,87388800,61.46045
2019-11-13,64.4986343383789,102734400,61.823277
2019-11-14,64.0523452758789,89182800,62.17873
2019-11-15,64.81324005126953,100206400,62.471497
2019-11-18,65.1400375366211,86703200,62.758698
2019-11-19,64.94252014160156,76167200,63.046276
2019-11-20,64.18647766113281,106234400,63.298096
2019-11-21,63.898712158203125,121395200,63.449554
2019-11-22,63.84260940551758,65325200,63.506535
2019-11-25,64.96202850341797,84020400,63.50386
2019-11-26,64.45475006103516,105207600,63.54446
2019-11-27,65.32051086425781,65235600,63.568985
2019-11-29,65.17662811279297,46617600,63.65037
2019-12-02,64.42304992675781,94487200,63.749947
2019-12-03,63.274391174316406,114430400,63.791348
2019-12-04,63.83285140991211,67181600,63.708523
2019-12-05,64.76935577392578,74424400,63.603424
2019-12-06,66.02045440673828,106075600,63.560253
2019-12-09,65.09614562988281,128042400,63.647476
2019-12-10,65.47661590576172,90420400,63.738285
2019-12-11,66.03509521484375,78756800,63.857143
2019-12-12,66.20336151123047,137310400,64.02521
2019-12-13,67.10328674316406,133587600,64.2163
2019-12-16,68.2519302368164,128186000,64.47535
2019-12-17,68.38609313964844,114158400,64.84193
2019-12-18,68.22267150878906,116028400,65.25708
2019-12-19,68.29096984863281,98369200,65.65701
2019-12-20,68.14952850341797,275978000,66.02327
2019-12-23,69.2615966796875,98572000,66.31289
2019-12-24,69.32745361328125,48478800,66.63933
2019-12-26,70.70294189453125,93121200,66.96897
2019-12-27,70.67610931396484,146266000,67.36873
2019-12-30,71.09556579589844,144114400,67.77335
2019-12-31,71.61502075195312,100805600,68.18304
2020-01-02,73.24901580810547,135480400,68.60756
2020-01-03,72.53688049316406,146322800,69.12423
2020-01-06,73.11488342285156,118387200,69.60439
2020-01-07,72.7710189819336,108872000,70.07135
2020-01-08,73.941650390625,132079200,70.46899
2020-01-09,75.51223754882812,170108400,70.87716
2020-01-10,75.68292236328125,140644800,71.37301
2020-01-13,77.29984283447266,121532000,71.90131
2020-01-14,76.25604248046875,161954400,72.52918
2020-01-15,75.92925262451172,121923600,73.08733
2020-01-16,76.88036346435547,108829200,73.54084
2020-01-17,77.73152160644531,137816400,73.96588
2020-01-21,77.20474243164062,110843200,74.39972
2020-01-22,77.48033905029297,101832400,74.77016
2020-01-23,77.85346221923828,104472000,75.094
2020-01-24,77.62909698486328,146537600,75.391014
2020-01-27,75.34638977050781,161940000,75.62806
2020-01-28,77.47789001464844,162234000,75.64262
2020-01-29,79.09967041015625,216229200,75.6791
2020-01-30,78.98505401611328,126743200,75.84102
2020-01-31,75.48294830322266,199588400,76.06978
2020-02-03,75.2756576538086,173788400,76.05437
2020-02-04,77.76078796386719,136616400,75.88053
2020-02-05,78.39486694335938,118826800,75.81
2020-02-06,79.31185150146484,105425600,75.85477
2020-02-07,78.23377990722656,117684000,76.03362
2020-02-10,78.60536193847656,109348800,76.198204
2020-02-11,78.13111877441406,94323200,76.36912
2020-02-12,79.986572265625,113730400,76.49652
2020-02-13,79.41696166992188,94747600,76.72127
2020-02-14,79.43653869628906,80113600,76.948135
2020-02-18,77.98200225830078,152531200,77.16106
2020-02-19,79.11138916015625,93984000,77.23403
2020-02-20,78.29978942871094,100566000,77.30765
2020-02-21,76.52747344970703,129554000,77.314575
2020-02-24,72.89237213134766,222195200,77.147224
2020-02-25,70.42337036132812,230673600,76.61164
2020-02-26,71.5405502319336,198054800,75.71557
2020-02-27,66.86405181884766,320605600,74.75774
2020-02-28,66.82494354248047,426510000,73.48053
2020-03-02,73.0464096069336,341397200,72.100044
2020-03-03,70.72650909423828,319475600,71.23705
2020-03-04,74.00712585449219,219178400,70.58675
2020-03-05,71.6065444946289,187572800,70.36615
2020-03-06,70.65560913085938,226176800,70.244354
2020-03-09,65.06729888916016,286744800,70.11366
2020-03-10,69.75354766845703,285290000,69.56874
2020-03-11,67.33097076416016,255598800,69.16142
2020-03-12,60.681724548339844,418474000,68.694786
2020-03-13,67.95188903808594,370732000,67.72205
2020-03-16,59.21009826660156,322423600,67.06371
2020-03-17,61.813568115234375,324056000,66.00861
2020-03-18,60.30037307739258,300233600,64.98429
2020-03-19,59.838356018066406,271857200,63.947433
2020-03-20,56.03947830200195,401693200,62.95026
2020-03-23,54.848968505859375,336752800,61.7593
2020-03-24,60.351715087890625,287531200,60.464027
2020-03-25,60.01925277709961,303602000,59.615547
2020-03-26,63.17764663696289,252087200,59.0764
2020-03-27,60.56193923950195,204216800,59.004723
2020-03-30,62.29025650024414,167976400,59.031094
2020-03-31,62.16313934326172,197002000,59.24189
2020-04-01,58.89230728149414,176218400,59.532745
2020-04-02,59.87501525878906,165934000,59.609215
2020-04-03,59.014530181884766,129880000,59.62137
2020-04-06,64.16279602050781,201820400,59.532326
2020-04-07,63.419654846191406,202887200,59.761154
2020-04-08,65.0428466796875,168895200,60.11369
2020-04-09,65.51222229003906,161834800,60.638664
2020-04-13,66.79804992675781,131022800,61.262398
2020-04-14,70.17157745361328,194994800,61.994984
2020-04-15,69.53108978271484,131154400,62.97873
2020-04-16,70.08356475830078,157125200,63.999794
2020-04-17,69.13263702392578,215250000,65.00118
2020-04-20,67.69766998291016,130015200,65.83771
2020-04-21,65.60511016845703,180991600,66.41397
2020-04-22,67.49476623535156,116862400,66.626305
2020-04-23,67.23320770263672,124814400,66.747765
2020-04-24,69.17417907714844,126161200,66.78332
2020-04-27,69.22309112548828,117087600,66.90705
2020-04-28,68.10101318359375,112004800,67.07956
2020-04-29,70.33779907226562,137280800,67.18567
2020-04-30,71.82166290283203,183064000,67.40509
2020-05-01,70.66539764404297,240616800,67.78216
2020-05-04,71.66521453857422,133568000,68.13738
2020-05-05,72.7408218383789,147751200,68.53882
2020-05-06,73.49131774902344,142333600,69.01227
2020-05-07,74.25157928466797,115215200,69.54791
2020-05-08,76.01889038085938,133838400,70.13791
2020-05-11,77.21507263183594,145946400,70.84237
2020-05-12,76.3326416015625,162301200,71.648964
2020-05-13,75.41099548339844,200622400,72.38923
2020-05-14,75.874267578125,158929200,72.961266
2020-05-15,75.42568969726562,166348400,73.42693
2020-05-18,77.20281219482422,135178400,73.757866
2020-05-19,76.75669860839844,101729600,74.11556
2020-05-20,78.24946594238281,111504800,74.43149
2020-05-21,77.66608428955078,102688800,74.80483
2020-05-22,78.16612243652344,81803200,75.141754
2020-05-26,77.63668823242188,125522000,75.468704
2020-05-27,77.97493743896484,112945200,75.719795
2020-05-28,78.0092544555664,133560800,75.93273
2020-05-29,77.93327331542969,153532400,76.10658
2020-06-01,78.89168548583984,80791200,76.23664
2020-06-02,79.25690460205078,87642800,76.408905
2020-06-03,79.6932373046875,104491200,76.61736
2020-06-04,79.00688171386719,87560400,76.86126
2020-06-05,81.25708770751953,137250400,77.0591
2020-06-08,81.7375259399414,95654400,77.37357
2020-06-09,84.3186264038086,147712400,77.7756
2020-06-10,86.48794555664062,166651600,78.38343
2020-06-11,82.33561706542969,201662400,79.228096
2020-06-12,83.04644775390625,200146000,79.8442
2020-06-15,84.07349395751953,138808800,80.32805
2020-06-16,86.30164337158203,165428800,80.77635
2020-06-17,86.18154907226562,114406400,81.3277
2020-06-18,86.21585083007812,96820400,81.895645
2020-06-19,85.7231674194336,264476000,82.43228
2020-06-22,87.96600341796875,135445200,82.85378
2020-06-23,89.8436279296875,212155600,83.35628
2020-06-24,88.25769805908203,192623200,83.99673
2020-06-25,89.42935943603516,137522400,84.559105
2020-06-26,86.68157196044922,205256800,85.12213
2020-06-29,88.67931365966797,130646000,85.43135
2020-06-30,89.4195556640625,140223200,85.71836
2020-07-01,89.25043487548828,110737200,86.0208
2020-07-02,89.25043487548828,114041600,86.29943
2020-07-06,91.63790130615234,118655600,86.540276
2020-07-07,91.35356140136719,112424400,86.91334
2020-07-08,93.481201171875,117092000,87.31724
2020-07-09,93.8832015991211,125642800,87.863434
2020-07-10,94.04743957519531,90257200,88.4818
2020-07-13,93.61355590820312,191649200,89.11165
2020-07-14,95.16272735595703,170989200,89.65587
2020-07-15,95.81719207763672,153198000,90.22468
2020-07-16,94.63815307617188,110577600,90.8147
2020-07-17,94.44696044921875,92186800,91.28977
2020-07-20,96.43733978271484,90318000,91.64443
2020-07-21,95.1063461303711,103433200,92.042625
2020-07-22,95.37350463867188,89001600,92.33691
2020-07-23,91.0324478149414,197004400,92.56681
2020-07-24,90.80693054199219,185438800,92.41093
2020-07-27,92.95909118652344,121214000,92.02241
2020-07-28,91.4320068359375,103625600,91.68868
2020-07-29,93.18460845947266,90329200,91.30276
2020-07-30,94.3121566772461,158130000,91.04345
2020-07-31,104.18556213378906,374336800,90.95502
2020-08-03,106.81078338623047,308151200,91.67819
2020-08-04,107.52409362792969,173071600,93.044304
2020-08-05,107.913818359375,121776800,94.760704
2020-08-06,111.67886352539062,202428800,96.5831
2020-08-07,109.13975524902344,198045600,98.58728
2020-08-10,110.72608947753906,212403600,100.36103
2020-08-11,107.43311309814453,187902400,101.97128
2020-08-12,111.00357818603516,165598000,103.121254
2020-08-13,112.96806335449219,210082000,104.16542
2020-08-14,112.86737823486328,165565200,105.20148
2020-08-17,112.57270050048828,119561600,106.15166
2020-08-18,113.5107650756836,105633600,106.95884
2020-08-19,113.65316772460938,145538000,107.68393
2020-08-20,116.17507934570312,126907200,108.30701
2020-08-21,122.16188049316406,338054800,109.00547
2020-08-24,123.62296295166016,345937600,110.10467
2020-08-25,122.60877990722656,211495600,111.47248
2020-08-26,124.27616119384766,163022400,112.84095
2020-08-27,122.79051971435547,155552400,114.224365
2020-08-28,122.59160614013672,187630000,115.397446
2020-08-31,126.74893951416016,225702700,116.33147
2020-09-01,131.7976837158203,151948100,117.34401
2020-09-02,129.06704711914062,200119000,118.6983
2020-09-03,118.73383331298828,257599600,119.948105
2020-09-04,118.81242370605469,332607200,120.28744
2020-09-08,110.81695556640625,231366600,120.05124
2020-09-09,115.2370376586914,176940500,118.92479
2020-09-10,111.47503662109375,182274400,117.67345
2020-09-11,110.01148986816406,180860300,116.16883
2020-09-14,113.31183624267578,140150100,114.522835
2020-09-15,113.48865509033203,184642000,113.16256
2020-09-16,110.13919830322266,154679000,112.086296
2020-09-17,108.38096618652344,178011000,111.026764
2020-09-18,104.94310760498047,287104900,109.9281
2020-09-21,108.12557983398438,195713800,108.62938
2020-09-22,109.82485961914062,183055400,107.556015
2020-09-23,105.2181396484375,150718700,106.82506
2020-09-24,106.2986068725586,167743300,106.02583
2020-09-25,110.28651428222656,149981400,105.3222
2020-09-28,112.91895294189453,137672400,105.022
2020-09-29,112.06439208984375,99382200,105.180595
2020-09-30,113.75384521484375,142675200,105.54525
2020-10-01,114.7164535522461,116120400,106.12173
2020-10-02,111.01339721679688,144712000,106.85405
2020-10-05,114.43160247802734,106243800,107.35073
2020-10-06,111.15090942382812,161498200,107.919365
2020-10-07,113.03681945800781,96849000,108.24183
2020-10-08,112.92875671386719,83477200,108.53682
2020-10-09,114.89325714111328,100506900,108.78424
2020-10-12,122.19134521484375,240226800,109.123474
2020-10-13,118.94993591308594,262330500,110.00534
2020-10-14,119.038330078125,150712000,110.91436
2020-10-15,118.56684875488281,112559200,111.79148
2020-10-16,116.90686798095703,115393800,112.547325
2020-10-19,113.92084503173828,120639300,113.0472
2020-10-20,115.42366027832031,124423700,113.13568
2020-10-21,114.7950439453125,89946000,113.077065
2020-10-22,113.69490051269531,101988000,112.89272
2020-10-23,112.99752044677734,82572600,112.56514
2020-10-26,113.00735473632812,111850700,112.128426
2020-10-27,114.52982330322266,92276800,111.65648
2020-10-28,109.22569274902344,143937800,111.31328
2020-10-29,113.27253723144531,146129200,110.68389
2020-10-30,106.92725372314453,190272600,110.2258
2020-11-02,106.8388442993164,122866900,109.442085
2020-11-03,108.47919464111328,107624400,108.526306
2020-11-04,112.90911865234375,138235500,107.7205
2020-11-05,116.91667938232422,126387100,107.36073
2020-11-06,116.78385925292969,114457900,107.59118
2020-11-09,114.45189666748047,154515300,108.15133
2020-11-10,114.10753631591797,138023400,108.69229
2020-11-11,117.57099151611328,112295000,109.15669
2020-11-12,117.2955093383789,103162300,109.791565
2020-11-13,117.34469604492188,81581900,110.4595
2020-11-16,118.36799621582031,91183000,111.10073
2020-11-17,117.47261810302734,74271000,111.747574
2020-11-18,116.13446044921875,76322100,112.28426
2020-11-19,116.73464965820312,74113000,112.61498
2020-11-20,115.45553588867188,73604300,112.83925
2020-11-23,112.02159118652344,127959300,112.88916
2020-11-24,113.32038879394531,113874200,112.57572
2020-11-25,114.16656494140625,76499200,112.16548
2020-11-27,114.71757507324219,46691300,111.79474
2020-11-30,117.13806915283203,169410200,111.519066
2020-12-01,120.7491455078125,127728200,111.48241
2020-12-02,121.10334777832031,89004200,111.86274
2020-12-03,120.9655990600586,78967600,112.4947
2020-12-04,120.28667449951172,78260400,113.218285
2020-12-07,121.76258087158203,86712000,113.889595
2020-12-08,122.38247680664062,82225500,114.58133
2020-12-09,119.82423400878906,115089200,115.27619
2020-12-10,121.26075744628906,81312200,115.73006
2020-12-11,120.4441146850586,86939800,116.11224
2020-12-14,119.82423400878906,79184500,116.36083
2020-12-15,125.82624816894531,157243700,116.46599
2020-12-16,125.75737762451172,98208600,116.90088
2020-12-17,126.63308715820312,94359800,117.5052
2020-12-18,124.62586975097656,192541500,118.22738
2020-12-21,126.17063903808594,121251600,118.80726
2020-12-22,129.7620086669922,168904800,119.378784
2020-12-23,128.85678100585938,88223700,120.15214
2020-12-24,129.8505859375,54930100,120.93176
2020-12-28,134.4947509765625,124486200,121.72692
2020-12-29,132.7039794921875,121047300,122.792244
2020-12-30,131.57247924804688,96452100,123.80938
2020-12-31,130.55902099609375,99116600,124.640114
2021-01-04,127.3316879272461,143301900,125.21922
2021-01-05,128.90599060058594,97664900,125.36416
2021-01-06,124.56681823730469,155088000,125.35662
2021-01-07,128.81744384765625,109578200,124.93831
2021-01-08,129.92930603027344,105158200,124.618965
2021-01-11,126.90860748291016,100384500,124.4635
2021-01-12,126.73149108886719,91951100,124.202095
2021-01-13,128.78790283203125,88636800,123.88516
2021-01-14,126.8397216796875,90221800,123.70663
2021-01-15,125.09814453125,111598500,123.48416
2021-01-19,125.77706909179688,90757300,123.1247
2021-01-20,129.9096221923828,104319500,122.76251
2021-01-21,134.67190551757812,120150900,122.722084
2021-01-22,136.8365478515625,114459400,123.219505
2021-01-25,140.6247100830078,157611700,124.158585
2021-01-26,140.86087036132812,98390600,125.55639
2021-01-27,139.77853393554688,140843800,127.14478
2021-01-28,134.88833618164062,142621100,128.63814
2021-01-29,129.84072875976562,177523800,129.60693
2021-02-01,131.98570251464844,106239800,129.81891
2021-02-02,132.82205200195312,83305400,129.72298
2021-02-03,131.7889404296875,89880900,129.5102
2021-02-04,135.1835174560547,84183100,129.16843
2021-02-05,134.76475524902344,75693800,129.02032
2021-02-08,134.91253662109375,71297200,128.97089
2021-02-09,134.0256805419922,76774200,128.99544
2021-02-10,133.41470336914062,73046600,128.99738
2021-02-11,133.15853881835938,64280000,128.9416
2021-02-12,133.39501953125,60145100,128.83742
2021-02-16,131.24681091308594,80576300,128.7288
2021-02-17,128.9310760498047,97918500,128.46893
2021-02-18,127.8176040649414,96856700,127.97089
2021-02-19,127.97527313232422,87668800,127.28953
2021-02-22,124.16172790527344,103916400,126.56393
2021-02-23,124.02375793457031,158273000,125.59239
2021-02-24,123.52118682861328,111039900,124.5336
2021-02-25,119.22481536865234,148199500,123.47666
2021-02-26,119.49088287353516,164560400,122.189156
2021-03-01,125.92560577392578,116307900,120.88202
2021-03-02,123.29456329345703,102260900,120.13564
2021-03-03,120.27919006347656,112966300,119.59597
2021-03-04,118.37734985351562,178155000,119.00372
2021-03-05,119.6485366821289,153766600,118.28074
2021-03-08,114.66236114501953,154376600,117.63197
2021-03-09,119.32334899902344,129525800,116.718376
2021-03-10,118.22955322265625,111943300,116.05671
2021-03-11,120.1806411743164,103026500,115.52039
2021-03-12,119.26422882080078,88105100,115.243225
2021-03-15,122.18103790283203,92403800,115.0785
2021-03-16,123.73799133300781,115227900,115.20384
2021-03-17,122.93981170654297,111932600,115.60353
2021-03-18,118.77153015136719,121229700,116.08087
2021-03-19,118.23939514160156,185549500,116.26575
2021-03-22,121.58979797363281,111912300,116.21462
2021-03-23,120.752197265625,95467100,116.27813
2021-03-24,118.33794403076172,88530500,116.345856
2021-03-25,118.83063507080078,98844700,116.23668
2021-03-26,119.44160461425781,94071200,116.063065
2021-03-29,119.61897277832031,80819200,115.908775
2021-03-30,118.15071105957031,85671900,115.79252
2021-03-31,120.36787414550781,118323800,115.6012
2021-04-01,121.20549011230469,75089100,115.53605
2021-04-05,124.06316375732422,88651200,115.61842
2021-04-06,124.36865234375,80171300,115.98707
2021-04-07,126.03398895263672,83466700,116.52217
2021-04-08,128.45809936523438,88844600,117.23495
2021-04-09,131.05958557128906,106686700,118.17259
2021-04-12,129.3252716064453,91420000,119.3574
2021-04-13,132.46871948242188,91266500,120.47545
2021-04-14,130.10372924804688,87222800,121.691505
2021-04-15,132.53768920898438,89347100,122.70077
2021-04-16,132.20265197753906,84922400,123.6812
2021-04-19,132.8727264404297,94264200,124.54357
2021-04-20,131.16799926757812,94812300,125.31448
2021-04-21,131.55230712890625,68847100,125.84784
2021-04-22,130.01504516601562,84566500,126.22748
2021-04-23,132.36033630371094,78657500,126.37163
2021-04-26,132.75450134277344,66905100,126.53228
2021-04-27,132.42929077148438,66015800,126.71963
2021-04-28,131.63111877441406,107760100,126.88478
2021-04-29,131.53260803222656,151101000,126.961044
2021-04-30,129.54208374023438,109839500,126.96707
2021-05-03,130.60630798339844,75135100,126.79436
2021-05-04,125.98472595214844,137564700,126.60744
2021-05-05,126.23108673095703,84000900,126.085335
2021-05-06,127.84713745117188,78128300,125.42823
2021-05-07,128.52822875976562,78973300,124.85635
2021-05-10,125.2116470336914,88071200,124.42864
2021-05-11,124.28377532958984,126142800,123.8814
2021-05-12,121.18433380126953,112172300,123.234055
2021-05-13,123.35591888427734,105861300,122.35662
2021-05-14,125.80387878417969,81918000,121.56644
2021-05-17,124.63912200927734,74244600,121.069374
2021-05-18,123.23746490478516,63342900,120.703896
2021-05-19,123.07952880859375,92612000,120.34593
2021-05-20,125.66570281982422,76857100,120.0046
2021-05-21,123.80997467041016,79295400,119.888664
2021-05-24,125.45841217041016,63092900,119.783066
2021-05-25,125.26100158691406,72009500,119.81295
2021-05-26,125.2116470336914,56575900,119.90591
2021-05-27,123.66189575195312,94625600,120.02795
2021-05-28,123.00056457519531,71311100,120.04136
2021-06-01,122.67481994628906,67637100,119.94466
2021-06-02,123.44475555419922,59278900,119.76578
2021-06-03,121.94438171386719,76229200,119.60771
2021-06-04,124.26403045654297,75169300,119.36429
2021-06-07,124.27389526367188,71057600,119.25672
2021-06-08,125.10305786132812,74403800,119.24075
2021-06-09,125.4880142211914,56877900,119.34088
2021-06-10,124.4811782836914,71186400,119.532776
2021-06-11,125.7051773071289,53522400,119.68997
2021-06-14,128.79473876953125,96906500,119.904274
2021-06-15,127.96561431884766,62746300,120.35307
2021-06-16,128.468994140625,91815000,120.85347
2021-06-17,130.0878143310547,96721700,121.37817
2021-06-18,128.7750244140625,108953300,121.993
2021-06-21,130.59124755859375,79663300,122.51845
2021-06-22,132.24952697753906,74783600,123.08384
2021-06-23,131.97317504882812,60214200,123.747734
2021-06-24,131.68692016601562,68711000,124.40015
2021-06-25,131.39077758789062,70783700,124.97221
2021-06-28,133.03919982910156,62111300,125.42936
2021-06-29,134.56918334960938,64556100,125.90093
2021-06-30,135.19107055664062,63261400,126.45326
2021-07-01,135.49705505371094,52485800,127.055725
2021-07-02,138.15232849121094,78852600,127.66413
2021-07-06,140.18569946289062,108181800,128.41505
2021-07-07,142.70278930664062,104911600,129.33533
2021-07-08,141.3899383544922,105575500,130.46709
2021-07-09,143.23577880859375,99890800,131.54308
2021-07-12,142.6336669921875,76299700,132.63379
2021-07-13,143.75894165039062,100827100,133.60646
2021-07-14,147.22360229492188,127050800,134.50815
2021-07-15,146.56227111816406,106820300,135.54062
2021-07-16,144.49925231933594,93251400,136.52675
2021-07-19,140.610107421875,121434600,137.26201
2021-07-20,144.26235961914062,96350000,137.50739
2021-07-21,143.52206420898438,74993500,137.70349
2021-07-22,144.90394592285156,77338200,137.80325
2021-07-23,146.64125061035156,71447400,137.93501
2021-07-26,147.06568908691406,72434100,138.19966
2021-07-27,144.8743438720703,104818600,138.55272
2021-07-28,143.10748291015625,118931200,138.77068
2021-07-29,143.75894165039062,56699500,138.76372
2021-07-30,143.97608947753906,70440600,138.67677
2021-08-02,143.64048767089844,62880000,138.55992
2021-08-03,145.45672607421875,64786600,138.41095
2021-08-04,145.05203247070312,56368300,138.38316
2021-08-05,145.16064453125,46397700,138.40207
2021-08-06,144.46861267089844,54126800,138.4561
2021-08-09,144.41917419433594,48908700,138.47577
2021-08-10,143.93478393554688,69023100,138.47028
2021-08-11,144.1918182373047,48493500,138.41261
2021-08-12,147.18714904785156,72282600,138.34967
2021-08-13,147.39476013183594,59375000,138.49855
2021-08-16,149.39166259765625,103296000,138.77985
2021-08-17,148.47227478027344,92229700,139.25546
2021-08-18,144.68609619140625,86326000,139.7476
2021-08-19,145.02220153808594,86960300,139.94243
2021-08-20,146.49517822265625,60549600,139.96729
2021-08-23,147.99777221679688,60131800,139.99571
2021-08-24,147.9088134765625,48606400,140.13022
2021-08-25,146.66323852539062,58991300,140.31267
2021-08-26,145.8526153564453,48597200,140.41922
2021-08-27,146.9005126953125,55802400,140.41551
2021-08-30,151.3687744140625,90956700,140.41902
2021-08-31,150.09353637695312,86453100,140.74026
2021-09-01,150.76576232910156,80313700,141.13794
2021-09-02,151.8927459716797,71115500,141.5997
2021-09-03,152.53529357910156,57808700,142.14424
2021-09-07,154.89797973632812,82278300,142.74199
2021-09-08,153.3360137939453,74420200,143.48842
2021-09-09,152.3079376220703,57305700,144.15552
2021-09-10,147.2662811279297,140893200,144.65175
2021-09-13,147.83961486816406,102404300,144.6375
2021-09-14,146.42596435546875,109296300,144.36697
2021-09-15,147.3255615234375,83281300,143.86224
2021-09-16,147.08831787109375,68034100,143.3247
2021-09-17,144.38954162597656,129868800,142.79404
2021-09-20,141.30520629882812,123478900,142.10912
2021-09-21,141.78961181640625,75834000,141.16888
2021-09-22,144.1819305419922,76404300,140.18987
2021-09-23,145.15074157714844,64838200,139.43282
2021-09-24,145.2397003173828,53477900,138.93813
2021-09-27,143.70741271972656,74150700,138.64685
2021-09-28,140.28701782226562,108972300,138.38788
2021-09-29,141.1964569091797,74602000,137.92068
2021-09-30,139.88169860839844,89056700,137.43542
2021-10-01,141.0185089111328,94639600,136.88068
2021-10-04,137.54869079589844,98322000,136.40897
2021-10-05,139.49615478515625,80861100,135.77638
2021-10-06,140.37596130371094,83221100,135.239
2021-10-07,141.65121459960938,61732700,134.8628
2021-10-08,141.26564025878906,58773200,134.70691
2021-10-11,141.17669677734375,64452200,134.6676
2021-10-12,139.89157104492188,73035900,134.69395
2021-10-13,139.29843139648438,78762700,134.66461
2021-10-14,142.11582946777344,69907100,134.56134
2021-10-15,143.18348693847656,67940300,134.62448
2021-10-18,144.87391662597656,85589200,134.85889
2021-10-19,147.0586700439453,76378900,135.29663
2021-10-20,147.5529327392578,58418800,135.9797
2021-10-21,147.77040100097656,61421000,136.79343
2021-10-22,146.9894561767578,58883400,137.63583
2021-10-25,146.94000244140625,50720600,138.37323
2021-10-26,147.6122589111328,60893400,138.98663
2021-10-27,147.1476287841797,56094900,139.52344
2021-10-28,150.8250732421875,100077900,139.93974
2021-10-29,148.08677673339844,124953200,140.50766
2021-11-01,147.2563934326172,74588300,140.9256
2021-11-02,148.3042449951172,69122000,141.17023
2021-11-03,149.7574462890625,54511500,141.3653
2021-11-04,149.23350524902344,60394600,141.61938
2021-11-05,149.7681121826172,65463900,141.84991
2021-11-08,148.93649291992188,55020900,142.08543
2021-11-09,149.30279541015625,56787900,142.24734
2021-11-10,146.441650390625,65187100,142.3776
2021-11-11,146.39218139648438,41000000,142.27376
2021-11-12,148.49099731445312,63804000,142.03734
2021-11-15,148.50088500976562,59222800,141.88525
2021-11-16,149.4908905029297,59256200,141.7974
2021-11-17,151.95599365234375,88807000,141.82571
2021-11-18,156.29222106933594,137827700,142.09303
2021-11-19,158.94546508789062,117305600,142.78566
2021-11-22,159.41075134277344,117467900,143.87144
2021-11-23,159.79684448242188,96041900,145.14
2021-11-24,160.32156372070312,69463600,146.44756
2021-11-26,155.24282836914062,76959800,147.71396
2021-11-29,158.6385498046875,88748200,148.49353
2021-11-30,163.64796447753906,174048100,149.15862
2021-12-01,163.123291015625,152052500,150.04576
2021-12-02,162.12335205078125,136739200,150.9653
2021-12-03,160.22254943847656,118023100,151.76457
2021-12-06,163.66778564453125,107497000,152.29669
2021-12-07,169.46920776367188,120405400,152.8702
2021-12-08,173.33026123046875,116998900,153.82872
2021-12-09,172.8154296875,108923700,155.21346
2021-12-10,177.65655517578125,115402700,156.70758
2021-12-13,173.98365783691406,153237000,158.48671
2021-12-14,172.58773803710938,139380400,160.03087
2021-12-15,177.50807189941406,131063300,161.2178
2021-12-16,170.53843688964844,150185800,162.44191
2021-12-17,169.42962646484375,195432700,163.09964
2021-12-20,168.05349731445312,107499100,163.28548
2021-12-21,171.26113891601562,91185900,163.09106
2021-12-22,173.8846435546875,92135300,162.90915
2021-12-23,174.51821899414062,68356600,162.93056
2021-12-27,178.5277557373047,74919600,163.1185
2021-12-28,177.49815368652344,79144300,163.66924
2021-12-29,177.58726501464844,62348900,164.31883
2021-12-30,176.41903686523438,59773000,164.98396
2021-12-31,175.7953338623047,64062300,165.52243
2022-01-03,180.19094848632812,104487900,165.8974
2022-01-04,177.904052734375,99310400,166.44601
2022-01-05,173.17184448242188,94537600,166.8966
2022-01-06,170.281005859375,96904000,166.92455
2022-01-07,170.44932556152344,86709100,166.49573
2022-01-10,170.4691162109375,106765600,165.84085
2022-01-11,173.33026123046875,76138300,165.10083
2022-01-12,173.77574157714844,74805200,164.5738
2022-01-13,170.4691162109375,84505800,164.24617
2022-01-14,171.34031677246094,80440800,163.83073
2022-01-18,168.10299682617188,90956700,163.45761
2022-01-19,164.56866455078125,94815000,162.91013
2022-01-20,162.86587524414062,91420500,162.05385
2022-01-21,160.786865234375,122848900,160.96155
2022-01-24,160.00474548339844,162294600,159.66391
2022-01-25,158.18313598632812,115798400,158.28731
2022-01-26,158.0940704345703,108275300,156.85207
2022-01-27,157.6287384033203,121954600,155.48906
2022-01-28,168.62770080566406,179935700,154.24164
2022-01-31,173.03323364257812,115541600,153.93102
2022-02-01,172.86492919921875,86213900,154.52534
2022-02-02,174.08262634277344,84914300,155.6046
2022-02-03,171.17202758789062,89418100,156.97185
2022-02-04,170.88455200195312,82465400,158.19565
2022-02-07,170.1609344482422,77251200,159.2168
2022-02-08,173.30325317382812,74829200,159.98483
2022-02-09,174.74058532714844,71285000,160.76134
2022-02-10,170.61691284179688,90865900,161.5824
2022-02-11,167.1673126220703,98670700,162.07419
2022-02-14,167.4052276611328,86185500,162.08932
2022-02-15,171.2810516357422,62527400,161.83745
2022-02-16,171.0431671142578,61177400,161.72025
2022-02-17,167.4052276611328,69589300,161.67522
2022-02-18,165.8390350341797,82772700,161.42088
2022-02-22,162.88504028320312,91162800,160.95021
2022-02-23,158.6721649169922,90009200,160.17877
2022-02-24,161.31884765625,141147500,158.99248
2022-02-25,163.410400390625,91974200,157.8315
2022-02-28,163.67803955078125,95056600,156.9323
2022-03-01,161.7748260498047,83474400,156.27856
2022-03-02,165.10546875,79724800,155.69078
2022-03-03,164.7783203125,76678400,155.42332
2022-03-04,161.7450714111328,83737200,155.34457
2022-03-07,157.9088592529297,96418800,155.17014
2022-03-08,156.0651092529297,131148300,154.68025
2022-03-09,161.52699279785156,91454900,153.9061
2022-03-10,157.13568115234375,105342000,153.41484
2022-03-11,153.37876892089844,96970100,152.81894
2022-03-14,149.30465698242188,108732100,151.94476
2022-03-15,153.7356414794922,92964300,150.68289
2022-03-16,158.1963348388672,102300200,149.60403
2022-03-17,159.2173309326172,75615400,149.0336
2022-03-18,162.54798889160156,123511700,148.88925
2022-03-21,163.93576049804688,95811400,149.24083
2022-03-22,167.34573364257812,81532000,149.96411
2022-03-23,168.7235870361328,98062700,151.0943
2022-03-24,172.54989624023438,90131400,152.47182
2022-03-25,173.19422912597656,80546200,154.15831
2022-03-28,174.06654357910156,90371900,155.94118
2022-03-29,177.39720153808594,100589400,157.69958
2022-03-30,176.2175750732422,92633200,159.53581
2022-03-31,173.08517456054688,103049300,161.1911
2022-04-01,172.7877960205078,78751300,162.3867
2022-04-04,176.88172912597656,76468400,163.19595
2022-04-05,173.53123474121094,73401800,163.99597
2022-04-06,170.32945251464844,89058800,164.49242
2022-04-07,170.63674926757812,77594700,164.54297
2022-04-08,168.60462951660156,76575500,164.34659
2022-04-11,164.3025360107422,72246700,163.87514
2022-04-12,166.19586181640625,79265200,162.97542
2022-04-13,168.91195678710938,70618900,162.02238
2022-04-14,163.8465576171875,75329400,161.3037
2022-04-18,163.62847900390625,69023900,160.42516
2022-04-19,165.93814086914062,67723800,159.50647
2022-04-20,165.76963806152344,67929800,158.79745
2022-04-21,164.96669006347656,87227800,158.2571
2022-04-22,160.37710571289062,84882400,157.8013
2022-04-25,161.45761108398438,96046400,157.10991
2022-04-26,155.4307098388672,95623200,156.40712
2022-04-27,155.20272827148438,88063200,155.32788
2022-04-28,162.2109832763672,130216800,154.09407
2022-04-29,156.27325439453125,131747600,153.35388
2022-05-02,156.58058166503906,123055300,152.54984
2022-05-03,158.08729553222656,88966500,151.79654
2022-05-04,164.57017517089844,108256500,151.24333
2022-05-05,155.40097045898438,130525300,151.30775
2022-05-06,156.1355743408203,116124600,151.08632
2022-05-09,150.9535675048828,131577900,150.7675
2022-05-10,153.38572692871094,115366700,150.04556
2022-05-11,145.4340057373047,142689800,149.31432
2022-05-12,141.5226593017578,182602000,148.06749
2022-05-13,146.03958129882812,113990900,146.32925
2022-05-16,144.4810028076172,86643800,144.76408
2022-05-17,148.15408325195312,78336300,143.31625
2022-05-18,139.79534912109375,109742900,142.31442
2022-05-19,136.35060119628906,136095600,141.05875
2022-05-20,136.58883666992188,137426100,139.50189
2022-05-23,142.06869506835938,117726300,137.90338
2022-05-24,139.33871459960938,104132700,136.79915
2022-05-25,139.49754333496094,92482700,135.88489
2022-05-26,142.7338104248047,90601500,135.16953
2022-05-27,148.55116271972656,90978500,134.86018
2022-05-31,147.75698852539062,103718400,135.2335
2022-06-01,147.62794494628906,74286600,135.92868
2022-06-02,150.10975646972656,72348100,136.75742
2022-06-03,144.32217407226562,88570300,137.77647
2022-06-06,145.07662963867188,71598400,138.4142
2022-06-07,147.62794494628906,67808200,138.82968
2022-06-08,146.88340759277344,53950200,139.26039
2022-06-09,141.6020965576172,69473000,139.61514
2022-06-10,136.13221740722656,91437900,139.51863
2022-06-13,130.92041015625,122207100,138.76712
2022-06-14,131.79397583007812,84784300,137.3063
2022-06-15,134.44456481933594,91533000,135.6022
2022-06-16,129.1136474609375,108123900,134.0735
2022-06-17,130.6027374267578,134520300,132.38705
2022-06-21,134.88136291503906,81000500,130.84293
2022-06-22,134.36517333984375,73409200,129.8191
2022-06-23,137.26390075683594,72433800,129.15045
2022-06-24,140.62924194335938,89116800,128.95473
2022-06-27,140.62924194335938,70207900,129.29643
2022-06-28,136.43994140625,67083400,129.93616
2022-06-29,138.2169189453125,66242400,130.40405
2022-06-30,135.72518920898438,98964500,130.85844
2022-07-01,137.91908264160156,71051600,131.08571
2022-07-05,140.5299530029297,73353800,131.32077
2022-07-06,141.88006591796875,74064300,131.72833
2022-07-07,145.2851104736328,66253700,132.30461
2022-07-08,145.9700927734375,64547800,133.1818
2022-07-11,143.81588745117188,63141600,134.21947
2022-07-12,144.79867553710938,77588800,135.11812
2022-07-13,144.43136596679688,71185600,135.93066
2022-07-14,147.3896942138672,78140700,136.60216
2022-07-15,149.07730102539062,76259900,137.34628
2022-07-18,145.9998779296875,81420900,138.19603
2022-07-19,149.90127563476562,82982400,138.8227
2022-07-20,151.92642211914062,64823400,139.54439
2022-07-21,154.21963500976562,65086600,140.41182
2022-07-22,152.9687957763672,66675400,141.46066
2022-07-25,151.8370819091797,53623900,142.4459
2022-07-26,150.4969024658203,55138700,143.23627
2022-07-27,155.64913940429688,78620700,143.75102
2022-07-28,156.20506286621094,81378700,144.42216
2022-07-29,161.3275146484375,101786900,145.17342
2022-08-01,160.3347930908203,67829400,146.27472
2022-08-02,158.84568786621094,59907000,147.433
2022-08-03,164.9211883544922,82507500,148.42863
2022-08-04,164.60350036621094,55474100,149.67346
2022-08-05,164.3748779296875,56697000,150.94893
2022-08-08,163.89768981933594,60276900,152.12492
2022-08-09,163.9473876953125,63135500,153.11343
2022-08-10,168.241943359375,70170500,153.91426
2022-08-11,167.49635314941406,57149200,154.84077
2022-08-12,171.08505249023438,68039400,155.71805
2022-08-15,172.1686248779297,54091700,156.74747
2022-08-16,172.0095672607422,56377100,157.86353
2022-08-17,173.52061462402344,79542000,158.93079
2022-08-18,173.12295532226562,62290100,159.98674
2022-08-19,170.50848388671875,70346300,160.9266
2022-08-22,166.581787109375,69026800,161.53773
2022-08-23,166.24378967285156,54147100,161.62907
2022-08-24,166.54200744628906,53841500,161.38043
2022-08-25,169.02725219726562,51218200,160.96808
2022-08-26,162.65505981445312,78961000,160.66501
2022-08-29,160.42828369140625,73314000,159.99992
2022-08-30,157.97286987304688,77906200,159.01685
2022-08-31,156.2928009033203,87991100,157.74689
2022-09-01,157.0284423828125,74229900,156.28552
2022-09-02,154.89111328125,76957800,154.87859
2022-09-06,153.61866760253906,73714800,153.46333
2022-09-07,155.04025268554688,87449600,152.0652
2022-09-08,153.54908752441406,84923800,150.8859
2022-09-09,156.44192504882812,68028800,149.82552
2022-09-12,162.4661865234375,104956000,149.12717
2022-09-13,152.9327392578125,122656600,149.12138
2022-09-14,154.39405822753906,87965400,148.85515
2022-09-15,151.47140502929688,90481100,148.56424
2022-09-16,149.81124877929688,162278800,148.07184
2022-09-19,153.56893920898438,81474200,147.37115
2022-09-20,155.97470092773438,107689800,146.8804
2022-09-21,152.81344604492188,101696800,146.71973
2022-09-22,151.83921813964844,86652500,146.54736
2022-09-23,149.5428466796875,96029900,146.3152
2022-09-26,149.88084411621094,93339400,145.90051
2022-09-27,150.86502075195312,84442700,145.43356
2022-09-28,148.95632934570312,146691400,145.04294
2022-09-29,141.6397247314453,128138200,144.58568
2022-09-30,137.3849639892578,124925300,143.60976
2022-10-03,141.6099090576172,114311700,142.09744
2022-10-04,145.2384033203125,87830100,140.68364
2022-10-05,145.53659057617188,79471000,139.70117
2022-10-06,144.5723419189453,68402200,139.07683
2022-10-07,139.26382446289062,85925600,138.64894
2022-10-10,139.5918731689453,74899000,137.99083
2022-10-11,138.16036987304688,77033700,137.27074
2022-10-12,137.52413940429688,70433700,136.46622
2022-10-13,142.14674377441406,113224000,135.6295
2022-10-14,137.5639190673828,88598000,135.1642
2022-10-17,141.57015991210938,85250900,134.63574
2022-10-18,142.90225219726562,99136600,134.39836
2022-10-19,143.01161193847656,61758300,134.44716
2022-10-20,142.54437255859375,64522000,134.67702
2022-10-21,146.40150451660156,86548600,134.96255
2022-10-24,148.56861877441406,75981900,135.53119
2022-10-25,151.44158935546875,74732300,136.38106
2022-10-26,148.46922302246094,88194300,137.53764
2022-10-27,143.94606018066406,109180200,138.5736
2022-10-28,154.82156372070312,164762400,139.13167
2022-10-31,152.43568420410156,97943200,140.12741
2022-11-01,149.76153564453125,80379300,141.1472
2022-11-02,144.17469787597656,93604600,141.91333
2022-11-03,138.06097412109375,97918500,142.06688
2022-11-04,137.7921142578125,140814800,141.40489
2022-11-07,138.32981872558594,83374600,140.28084
2022-11-08,138.90736389160156,89908500,139.01447
2022-11-09,134.29702758789062,74917800,137.80164
2022-11-10,146.24603271484375,118854000,136.38878
2022-11-11,149.0640106201172,93979700,135.8147
2022-11-14,147.65005493164062,73374100,135.99356
2022-11-15,149.40257263183594,89868300,136.5121
2022-11-16,148.1578826904297,64218300,137.31488
2022-11-17,150.07969665527344,80389400,138.13783
2022-11-18,150.64727783203125,74829600,139.0411
2022-11-21,147.38119506835938,58724100,139.96173
2022-11-22,149.54197692871094,51804100,140.58958
2022-11-23,150.42820739746094,58301400,141.1466
2022-11-25,147.48077392578125,35195900,141.67862
2022-11-28,143.60731506347656,69246000,141.94753
2022-11-29,140.5702667236328,83763800,141.75754
2022-11-30,147.40110778808594,111380900,141.09023
2022-12-01,147.679931640625,71250400,140.6731
2022-12-02,147.1820526123047,65447400,140.46509
2022-12-05,146.007080078125,68826400,140.3645
2022-12-06,142.30287170410156,64727200,140.25157
2022-12-07,140.34124755859375,69721100,139.87619
2022-12-08,142.04397583007812,62128300,139.23163
2022-12-09,141.5560760498047,76097000,138.59785
2022-12-12,143.87615966796875,70462700,137.9833
2022-12-13,144.8520050048828,93886200,137.5957
2022-12-14,142.6016082763672,82291200,137.44148
2022-12-15,135.9200897216797,98931900,137.28154
2022-12-16,133.9385528564453,160156900,136.65178
2022-12-19,131.80764770507812,79592600,135.64081
2022-12-20,131.73794555664062,77432800,134.33916
2022-12-21,134.8745574951172,85928000,132.9582
2022-12-22,131.66824340820312,77852100,131.86086
2022-12-23,131.29981994628906,63814900,130.79158
2022-12-27,129.4775848388672,69007800,129.79851
2022-12-28,125.50454711914062,85438400,128.79659
2022-12-29,129.0593719482422,75703700,127.58014
2022-12-30,129.3780059814453,77034200,126.5868
2023-01-03,124.53865814208984,112117500,125.82766
2023-01-04,125.82318878173828,89113600,124.91745
2023-01-05,124.4888687133789,80962700,124.08429
2023-01-06,129.0693359375,87754700,123.2668
2023-01-09,129.59707641601562,70790800,122.85154
2023-01-10,130.17462158203125,63896200,122.75095
2023-01-11,132.9228973388672,69458900,122.88993
2023-01-12,132.84324645996094,71379600,123.35848
2023-01-13,134.1875,57809700,123.98234
2023-01-17,135.36248779296875,63646600,124.74889
2023-01-18,134.63558959960938,69672800,125.62404
2023-01-19,134.69534301757812,58280400,126.44291
2023-01-20,137.28428649902344,80223600,127.16968
2023-01-23,140.51052856445312,81760300,127.96685
2023-01-24,141.9244842529297,66435100,128.97562
2023-01-25,141.25733947753906,65799300,130.13606
2023-01-26,143.34841918945312,54105100,131.24847
2023-01-27,145.31002807617188,70555800,132.39514
2023-01-30,142.3925018310547,64015300,133.60938
2023-01-31,143.677001953125,65874500,134.56125
2023-02-01,144.81214904785156,77663600,135.37221
2023-02-02,150.1792755126953,118339000,136.1139
2023-02-03,153.8436279296875,154357300,137.13403
2023-02-06,151.0854034423828,69858300,138.49901
2023-02-07,153.9929962158203,83322600,139.77942
2023-02-08,151.27459716796875,64120100,141.1108
2023-02-09,150.22906494140625,56007100,142.17506
2023-02-10,150.59803771972656,57450700,142.92076
2023-02-13,153.43031311035156,62199000,143.44131
2023-02-14,152.78207397460938,61707600,143.98566
2023-02-15,154.90626525878906,65573800,144.45538
2023-02-16,153.2906951904297,68167900,144.9939
2023-02-17,152.13385009765625,59144100,145.416
2023-02-21,148.074951171875,58867200,145.6543
2023-02-22,148.5037841796875,51011300,145.47484
2023-02-23,148.992431640625,48394200,145.08997
2023-02-24,146.30978393554688,55469600,144.6462
2023-02-27,147.5164794921875,44998500,144.01024
2023-02-28,147.00787353515625,50547000,143.39653
2023-03-01,144.91358947753906,55479000,142.80675
2023-03-02,145.511962890625,52238100,142.1283
2023-03-03,150.6179962158203,70732300,141.49301
2023-03-06,153.4103546142578,87558000,141.29422
2023-03-07,151.1864471435547,56182000,141.56978
2023-03-08,152.45297241210938,47204800,141.95499
2023-03-09,150.17918395996094,53833600,142.46591
2023-03-10,148.0948944091797,68572400,142.84787
2023-03-13,150.0595245361328,84457100,142.97237
2023-03-14,152.17373657226562,73695900,143.07077
2023-03-15,152.57266235351562,77167900,143.29807
2023-03-16,155.4248504638672,76161100,143.61319
2023-03-17,154.57716369628906,98944600,144.1595
2023-03-20,156.97061157226562,73641400,144.73834
2023-03-21,158.84547424316406,73938300,145.4651
2023-03-22,157.39944458007812,75701800,146.35481
2023-03-23,158.49642944335938,67622100,147.16882
2023-03-24,159.81285095214844,59196500,147.95192
2023-03-27,157.8482208251953,52390300,148.74799
2023-03-28,157.2199249267578,45992200,149.35016
2023-03-29,160.33143615722656,51305700,149.74478
2023-03-30,161.91709899902344,49501700,150.20251
2023-03-31,164.4501495361328,68749800,150.77386
2023-04-03,165.71669006347656,56976200,151.54462
2023-04-04,165.1781768798828,46278300,152.46509
2023-04-05,163.31326293945312,51511700,153.36522
2023-04-06,164.2108154296875,45390100,154.04904
2023-04-10,161.58798217773438,47716900,154.61296
2023-04-11,160.36134338378906,47644200,154.87445
2023-04-12,159.6632537841797,50133100,154.84805
2023-04-13,165.1083526611328,68445600,154.60168
2023-04-14,164.7593231201172,49386500,154.62482
2023-04-17,164.7792510986328,41516200,154.78557
2023-04-18,166.01588439941406,49923000,155.0186
2023-04-19,167.1727294921875,47720200,155.36163
2023-04-20,166.19537353515625,52456400,155.82448
2023-04-21,164.56983947753906,58337300,156.25247
2023-04-24,164.8789825439453,41949600,156.51062
2023-04-25,163.3232421875,48714100,156.67056
2023-04-26,163.31326293945312,45498800,156.64783
2023-04-27,167.95059204101562,64902300,156.51752
2023-04-28,169.2171173095703,55209200,156.65692
2023-05-01,169.1273651123047,52472900,157.03731
2023-05-02,168.08021545410156,48425700,157.5262
2023-05-03,166.99319458007812,65136000,157.96794
2023-05-04,165.3377227783203,81235400,158.26753
2023-05-05,173.0965118408203,113316400,158.34026
2023-05-08,173.0266876220703,55962800,158.81342
2023-05-09,171.30142211914062,45326900,159.4916
2023-05-10,173.08653259277344,53724500,160.11827
2023-05-11,173.27601623535156,49514700,160.78758
2023-05-12,172.3372802734375,45497800,161.44206
2023-05-15,171.8379669189453,37266700,161.97017
2023-05-16,171.8379669189453,42110300,162.34665
2023-05-17,172.45712280273438,57951600,162.60146
2023-05-18,174.81393432617188,65496700,162.80463
2023-05-19,174.92379760742188,55772400,163.12556
2023-05-22,173.96507263183594,43570900,163.50081
2023-05-23,171.32864379882812,50747300,163.8133
2023-05-24,171.60826110839844,45143500,163.87743
2023-05-25,172.7567138671875,56058300,163.80832
2023-05-26,175.19342041015625,54835000,163.74327
2023-05-30,177.06089782714844,55964400,163.85674
2023-05-31,177.01097106933594,99625300,164.19829
2023-06-01,179.84713745117188,68901800,164.63998
2023-06-02,180.7059783935547,61945900,165.31032
2023-06-05,179.33782958984375,121946500,166.12354
2023-06-06,178.9683380126953,64848400,166.85355
2023-06-07,177.5802001953125,61944600,167.4597
2023-06-08,180.3264923095703,50214900,167.84567
2023-06-09,180.71597290039062,48870700,168.26192
2023-06-12,183.54214477539062,54274900,168.68912
2023-06-13,183.0627899169922,54929100,169.28513
2023-06-14,183.70193481445312,57462900,169.9007
2023-06-15,185.7591552734375,65433200,170.52339
2023-06-16,184.67062377929688,101235600,171.24252
2023-06-20,184.760498046875,49799100,171.88155
2023-06-21,183.71192932128906,49515700,172.43669
2023-06-22,186.74781799316406,51245300,172.82312
2023-06-23,186.42823791503906,53079300,173.28815
2023-06-26,185.02015686035156,48088700,173.73965
2023-06-27,187.80638122558594,50730800,174.05037
2023-06-28,188.99478149414062,51216800,174.44525
2023-06-29,189.33432006835938,46347300,174.94034
2023-06-30,193.7084197998047,85069600,175.47993
2023-07-03,192.20046997070312,31458200,176.30035
2023-07-05,191.0719757080078,46920300,177.12602
2023-07-06,191.55133056640625,45094300,177.80768
2023-07-07,190.4228515625,46778000,178.38217
2023-07-10,188.35565185546875,59922200,178.76811
2023-07-11,187.8263702392578,46638100,178.8664
2023-07-12,189.5140838623047,60750200,178.7513
2023-07-13,190.2830352783203,41342300,178.6326
2023-07-14,190.43284606933594,41573900,178.57721
2023-07-17,193.7283935546875,50520200,178.57388
2023-07-18,193.46873474121094,48353800,178.82816
2023-07-19,194.83689880371094,80507300,179.19742
2023-07-20,192.8695526123047,59581200,179.696
2023-07-21,191.68116760253906,71917800,180.09953
2023-07-24,192.4900665283203,45377800,180.33043
2023-07-25,193.35888671875,37283200,180.49956
2023-07-26,194.23770141601562,47471900,180.67816
2023-07-27,192.9594268798828,47460200,180.90663
2023-07-28,195.56591796875,48291400,181.05856
2023-07-31,196.18507385253906,38824100,181.33281
2023-08-01,195.34620666503906,35175100,181.7014
2023-08-02,192.32029724121094,50389300,182.03908
2023-08-03,190.91220092773438,61235200,182.1206
2023-08-04,181.7445831298828,115799700,181.94524
2023-08-07,178.6088104248047,97576100,180.99062
2023-08-08,179.55752563476562,67823000,179.43614
2023-08-09,177.94970703125,60378500,177.71626
2023-08-10,177.72999572753906,54686900,175.92198
2023-08-11,177.7899932861328,51988100,174.21083
2023-08-14,179.4600067138672,43542592,172.68889
